Category,Years_Experience,Cluster,Experience_Level,Senior_Signal,Entry_Signal
Data Science,7.348685376898276,0,Entry-Level,16.69737075379655,-1.174342688449138
Data Science,4.131911176634138,0,Entry-Level,8.263822353268276,-0.565955588317069
Data Science,8.89837748874034,0,Entry-Level,21.79675497748068,-4.94918874437017
Data Science,14.877925871945,2,Senior-Level,48.75585174389,-14.9389629359725
Data Science,0.5038464181562461,0,Entry-Level,-0.9923071636875078,4.248076790921877
Data Science,3.6019101408251952,0,Entry-Level,9.20382028165039,0.6990449295874024
Data Science,11.705720574624008,1,Mid-Level,35.41144114924802,-10.352860287312005
Data Science,13.458894911013427,2,Senior-Level,45.917789822026855,-15.229447455506714
Data Science,7.348252351891601,0,Entry-Level,17.6965047037832,-4.1741261759458
Data Science,13.551178480430842,2,Senior-Level,51.102356960861684,-15.275589240215421
Data Science,7.348685376898276,0,Entry-Level,16.69737075379655,-1.174342688449138
Data Science,4.131911176634138,0,Entry-Level,8.263822353268276,-0.565955588317069
Data Science,8.89837748874034,0,Entry-Level,21.79675497748068,-4.94918874437017
Data Science,14.877925871945,2,Senior-Level,48.75585174389,-14.9389629359725
Data Science,0.5038464181562461,0,Entry-Level,-0.9923071636875078,4.248076790921877
Data Science,3.6019101408251952,0,Entry-Level,9.20382028165039,0.6990449295874024
Data Science,11.705720574624008,1,Mid-Level,35.41144114924802,-10.352860287312005
Data Science,13.458894911013427,2,Senior-Level,45.917789822026855,-15.229447455506714
Data Science,7.348252351891601,0,Entry-Level,17.6965047037832,-4.1741261759458
Data Science,13.551178480430842,2,Senior-Level,51.102356960861684,-15.275589240215421
Data Science,7.348685376898276,0,Entry-Level,16.69737075379655,-1.174342688449138
Data Science,4.131911176634138,0,Entry-Level,8.263822353268276,-0.565955588317069
Data Science,8.89837748874034,0,Entry-Level,21.79675497748068,-4.94918874437017
Data Science,14.877925871945,2,Senior-Level,48.75585174389,-14.9389629359725
Data Science,0.5038464181562461,0,Entry-Level,-0.9923071636875078,4.248076790921877
Data Science,3.6019101408251952,0,Entry-Level,9.20382028165039,0.6990449295874024
Data Science,11.705720574624008,1,Mid-Level,35.41144114924802,-10.352860287312005
Data Science,13.458894911013427,2,Senior-Level,45.917789822026855,-15.229447455506714
Data Science,7.348252351891601,0,Entry-Level,17.6965047037832,-4.1741261759458
Data Science,13.551178480430842,2,Senior-Level,51.102356960861684,-15.275589240215421
Data Science,7.348685376898276,0,Entry-Level,16.69737075379655,-1.174342688449138
Data Science,4.131911176634138,0,Entry-Level,8.263822353268276,-0.565955588317069
Data Science,8.89837748874034,0,Entry-Level,21.79675497748068,-4.94918874437017
Data Science,14.877925871945,2,Senior-Level,48.75585174389,-14.9389629359725
Data Science,0.5038464181562461,0,Entry-Level,-0.9923071636875078,4.248076790921877
Data Science,3.6019101408251952,0,Entry-Level,9.20382028165039,0.6990449295874024
Data Science,11.705720574624008,1,Mid-Level,35.41144114924802,-10.352860287312005
Data Science,13.458894911013427,2,Senior-Level,45.917789822026855,-15.229447455506714
Data Science,7.348252351891601,0,Entry-Level,17.6965047037832,-4.1741261759458
Data Science,13.551178480430842,2,Senior-Level,51.102356960861684,-15.275589240215421
HR,4.946185545725077,0,Entry-Level,9.892371091450155,-0.9730927728625387
HR,2.4765643979087577,0,Entry-Level,2.9531287958175154,3.261717801045621
HR,2.3824153275757243,0,Entry-Level,4.7648306551514485,0.30879233621213786
HR,1.836861592345315,0,Entry-Level,3.67372318469063,0.5815692038273425
HR,1.836861592345315,0,Entry-Level,3.67372318469063,0.5815692038273425
HR,4.527760461938683,0,Entry-Level,9.055520923877365,-0.7638802309693413
HR,0.9177271596734344,0,Entry-Level,-0.16454568065313113,4.041136420163283
HR,9.547647662986803,1,Mid-Level,26.095295325973606,-3.2738238314934014
HR,0.7625226504688416,0,Entry-Level,-0.4749546990623168,4.118738674765579
HR,9.443027969054116,1,Mid-Level,25.886055938108232,-7.221513984527058
HR,4.098702090376138,0,Entry-Level,8.197404180752276,-0.549351045188069
HR,4.946185545725077,0,Entry-Level,9.892371091450155,-0.9730927728625387
HR,2.4765643979087577,0,Entry-Level,2.9531287958175154,3.261717801045621
HR,2.3824153275757243,0,Entry-Level,4.7648306551514485,0.30879233621213786
HR,1.836861592345315,0,Entry-Level,3.67372318469063,0.5815692038273425
HR,1.836861592345315,0,Entry-Level,3.67372318469063,0.5815692038273425
HR,4.527760461938683,0,Entry-Level,9.055520923877365,-0.7638802309693413
HR,0.9177271596734344,0,Entry-Level,-0.16454568065313113,4.041136420163283
HR,9.547647662986803,1,Mid-Level,26.095295325973606,-3.2738238314934014
HR,0.7625226504688416,0,Entry-Level,-0.4749546990623168,4.118738674765579
HR,9.443027969054116,1,Mid-Level,25.886055938108232,-7.221513984527058
HR,4.098702090376138,0,Entry-Level,8.197404180752276,-0.549351045188069
HR,4.946185545725077,0,Entry-Level,9.892371091450155,-0.9730927728625387
HR,2.4765643979087577,0,Entry-Level,2.9531287958175154,3.261717801045621
HR,2.3824153275757243,0,Entry-Level,4.7648306551514485,0.30879233621213786
HR,1.836861592345315,0,Entry-Level,3.67372318469063,0.5815692038273425
HR,1.836861592345315,0,Entry-Level,3.67372318469063,0.5815692038273425
HR,4.527760461938683,0,Entry-Level,9.055520923877365,-0.7638802309693413
HR,0.9177271596734344,0,Entry-Level,-0.16454568065313113,4.041136420163283
HR,9.547647662986803,1,Mid-Level,26.095295325973606,-3.2738238314934014
HR,0.7625226504688416,0,Entry-Level,-0.4749546990623168,4.118738674765579
HR,9.443027969054116,1,Mid-Level,25.886055938108232,-7.221513984527058
HR,4.098702090376138,0,Entry-Level,8.197404180752276,-0.549351045188069
HR,4.946185545725077,0,Entry-Level,9.892371091450155,-0.9730927728625387
HR,2.4765643979087577,0,Entry-Level,2.9531287958175154,3.261717801045621
HR,2.3824153275757243,0,Entry-Level,4.7648306551514485,0.30879233621213786
HR,1.836861592345315,0,Entry-Level,3.67372318469063,0.5815692038273425
HR,1.836861592345315,0,Entry-Level,3.67372318469063,0.5815692038273425
HR,4.527760461938683,0,Entry-Level,9.055520923877365,-0.7638802309693413
HR,0.9177271596734344,0,Entry-Level,-0.16454568065313113,4.041136420163283
HR,9.547647662986803,1,Mid-Level,26.095295325973606,-3.2738238314934014
HR,0.7625226504688416,0,Entry-Level,-0.4749546990623168,4.118738674765579
HR,9.443027969054116,1,Mid-Level,25.886055938108232,-7.221513984527058
HR,4.098702090376138,0,Entry-Level,8.197404180752276,-0.549351045188069
Advocate,6.67940517900829,0,Entry-Level,17.35881035801658,-3.839702589504145
Advocate,2.1714415268289695,0,Entry-Level,4.342883053657939,0.41427923658551524
Advocate,2.7603287814225395,0,Entry-Level,5.520657562845079,0.11983560928873027
Advocate,4.181443717113371,0,Entry-Level,10.362887434226742,0.4092781414433144
Advocate,12.0,1,Mid-Level,36.0,-7.5
Advocate,1.9060983791130297,0,Entry-Level,3.8121967582260594,0.5469508104434851
Advocate,0.856405652715274,0,Entry-Level,-2.287188694569452,7.071797173642363
Advocate,5.3863314369360005,0,Entry-Level,13.772662873872001,-3.1931657184680002
Advocate,4.064829187740941,0,Entry-Level,11.129658375481881,-2.5324145938704703
Advocate,2.7212065876633407,0,Entry-Level,5.442413175326681,0.13939670616832966
Advocate,6.67940517900829,0,Entry-Level,17.35881035801658,-3.839702589504145
Advocate,2.1714415268289695,0,Entry-Level,4.342883053657939,0.41427923658551524
Advocate,2.7603287814225395,0,Entry-Level,5.520657562845079,0.11983560928873027
Advocate,4.181443717113371,0,Entry-Level,10.362887434226742,0.4092781414433144
Advocate,12.0,1,Mid-Level,36.0,-7.5
Advocate,1.9060983791130297,0,Entry-Level,3.8121967582260594,0.5469508104434851
Advocate,0.856405652715274,0,Entry-Level,-2.287188694569452,7.071797173642363
Advocate,5.3863314369360005,0,Entry-Level,13.772662873872001,-3.1931657184680002
Advocate,4.064829187740941,0,Entry-Level,11.129658375481881,-2.5324145938704703
Advocate,2.7212065876633407,0,Entry-Level,5.442413175326681,0.13939670616832966
Arts,13.43603791930475,1,Mid-Level,35.872075838609504,-8.218018959652376
Arts,3.0350605467122476,0,Entry-Level,9.070121093424495,-2.017530273356124
Arts,20.0,2,Senior-Level,71.0,-23.5
Arts,2.1457916253613694,0,Entry-Level,4.291583250722739,0.4271041873193153
Arts,1.9496792228100162,0,Entry-Level,3.8993584456200323,0.5251603885949919
Arts,9.027397289405414,1,Mid-Level,26.054794578810828,-7.013698644702707
Arts,13.43603791930475,1,Mid-Level,35.872075838609504,-8.218018959652376
Arts,3.0350605467122476,0,Entry-Level,9.070121093424495,-2.017530273356124
Arts,20.0,2,Senior-Level,71.0,-23.5
Arts,2.1457916253613694,0,Entry-Level,4.291583250722739,0.4271041873193153
Arts,1.9496792228100162,0,Entry-Level,3.8993584456200323,0.5251603885949919
Arts,9.027397289405414,1,Mid-Level,26.054794578810828,-7.013698644702707
Arts,13.43603791930475,1,Mid-Level,35.872075838609504,-8.218018959652376
Arts,3.0350605467122476,0,Entry-Level,9.070121093424495,-2.017530273356124
Arts,20.0,2,Senior-Level,71.0,-23.5
Arts,2.1457916253613694,0,Entry-Level,4.291583250722739,0.4271041873193153
Arts,1.9496792228100162,0,Entry-Level,3.8993584456200323,0.5251603885949919
Arts,9.027397289405414,1,Mid-Level,26.054794578810828,-7.013698644702707
Arts,13.43603791930475,1,Mid-Level,35.872075838609504,-8.218018959652376
Arts,3.0350605467122476,0,Entry-Level,9.070121093424495,-2.017530273356124
Arts,20.0,2,Senior-Level,71.0,-23.5
Arts,2.1457916253613694,0,Entry-Level,4.291583250722739,0.4271041873193153
Arts,1.9496792228100162,0,Entry-Level,3.8993584456200323,0.5251603885949919
Arts,9.027397289405414,1,Mid-Level,26.054794578810828,-7.013698644702707
Arts,13.43603791930475,1,Mid-Level,35.872075838609504,-8.218018959652376
Arts,3.0350605467122476,0,Entry-Level,9.070121093424495,-2.017530273356124
Arts,20.0,2,Senior-Level,71.0,-23.5
Arts,2.1457916253613694,0,Entry-Level,4.291583250722739,0.4271041873193153
Arts,1.9496792228100162,0,Entry-Level,3.8993584456200323,0.5251603885949919
Arts,9.027397289405414,1,Mid-Level,26.054794578810828,-7.013698644702707
Arts,13.43603791930475,1,Mid-Level,35.872075838609504,-8.218018959652376
Arts,3.0350605467122476,0,Entry-Level,9.070121093424495,-2.017530273356124
Arts,20.0,2,Senior-Level,71.0,-23.5
Arts,2.1457916253613694,0,Entry-Level,4.291583250722739,0.4271041873193153
Arts,1.9496792228100162,0,Entry-Level,3.8993584456200323,0.5251603885949919
Arts,9.027397289405414,1,Mid-Level,26.054794578810828,-7.013698644702707
Web Designing,13.438935563954583,1,Mid-Level,31.877871127909167,-6.219467781977292
Web Designing,10.129893422404194,0,Entry-Level,23.25978684480839,-5.564946711202097
Web Designing,13.438935563954583,1,Mid-Level,31.877871127909167,-6.219467781977292
Web Designing,4.218018959652375,0,Entry-Level,8.43603791930475,-0.6090094798261876
Web Designing,10.245020061385311,1,Mid-Level,25.490040122770623,-4.622510030692656
Web Designing,13.438935563954583,1,Mid-Level,31.877871127909167,-6.219467781977292
Web Designing,10.129893422404194,0,Entry-Level,23.25978684480839,-5.564946711202097
Web Designing,13.438935563954583,1,Mid-Level,31.877871127909167,-6.219467781977292
Web Designing,4.218018959652375,0,Entry-Level,8.43603791930475,-0.6090094798261876
Web Designing,10.245020061385311,1,Mid-Level,25.490040122770623,-4.622510030692656
Web Designing,13.438935563954583,1,Mid-Level,31.877871127909167,-6.219467781977292
Web Designing,10.129893422404194,0,Entry-Level,23.25978684480839,-5.564946711202097
Web Designing,13.438935563954583,1,Mid-Level,31.877871127909167,-6.219467781977292
Web Designing,4.218018959652375,0,Entry-Level,8.43603791930475,-0.6090094798261876
Web Designing,10.245020061385311,1,Mid-Level,25.490040122770623,-4.622510030692656
Web Designing,13.438935563954583,1,Mid-Level,31.877871127909167,-6.219467781977292
Web Designing,10.129893422404194,0,Entry-Level,23.25978684480839,-5.564946711202097
Web Designing,13.438935563954583,1,Mid-Level,31.877871127909167,-6.219467781977292
Web Designing,4.218018959652375,0,Entry-Level,8.43603791930475,-0.6090094798261876
Web Designing,10.245020061385311,1,Mid-Level,25.490040122770623,-4.622510030692656
Web Designing,13.438935563954583,1,Mid-Level,31.877871127909167,-6.219467781977292
Web Designing,10.129893422404194,0,Entry-Level,23.25978684480839,-5.564946711202097
Web Designing,13.438935563954583,1,Mid-Level,31.877871127909167,-6.219467781977292
Web Designing,4.218018959652375,0,Entry-Level,8.43603791930475,-0.6090094798261876
Web Designing,10.245020061385311,1,Mid-Level,25.490040122770623,-4.622510030692656
Web Designing,13.438935563954583,1,Mid-Level,31.877871127909167,-6.219467781977292
Web Designing,10.129893422404194,0,Entry-Level,23.25978684480839,-5.564946711202097
Web Designing,13.438935563954583,1,Mid-Level,31.877871127909167,-6.219467781977292
Web Designing,4.218018959652375,0,Entry-Level,8.43603791930475,-0.6090094798261876
Web Designing,10.245020061385311,1,Mid-Level,25.490040122770623,-4.622510030692656
Web Designing,13.438935563954583,1,Mid-Level,31.877871127909167,-6.219467781977292
Web Designing,10.129893422404194,0,Entry-Level,23.25978684480839,-5.564946711202097
Web Designing,13.438935563954583,1,Mid-Level,31.877871127909167,-6.219467781977292
Web Designing,4.218018959652375,0,Entry-Level,8.43603791930475,-0.6090094798261876
Web Designing,10.245020061385311,1,Mid-Level,25.490040122770623,-4.622510030692656
Web Designing,13.438935563954583,1,Mid-Level,31.877871127909167,-6.219467781977292
Web Designing,10.129893422404194,0,Entry-Level,23.25978684480839,-5.564946711202097
Web Designing,13.438935563954583,1,Mid-Level,31.877871127909167,-6.219467781977292
Web Designing,4.218018959652375,0,Entry-Level,8.43603791930475,-0.6090094798261876
Web Designing,10.245020061385311,1,Mid-Level,25.490040122770623,-4.622510030692656
Web Designing,13.438935563954583,1,Mid-Level,31.877871127909167,-6.219467781977292
Web Designing,10.129893422404194,0,Entry-Level,23.25978684480839,-5.564946711202097
Web Designing,13.438935563954583,1,Mid-Level,31.877871127909167,-6.219467781977292
Web Designing,4.218018959652375,0,Entry-Level,8.43603791930475,-0.6090094798261876
Web Designing,10.245020061385311,1,Mid-Level,25.490040122770623,-4.622510030692656
Mechanical Engineer,14.884555936881595,2,Senior-Level,57.769111873763194,-18.9422779684408
Mechanical Engineer,3.1766599560929913,0,Entry-Level,7.353319912185983,0.9116700219535043
Mechanical Engineer,3.321692189493542,0,Entry-Level,6.643384378987084,-0.16084609474677092
Mechanical Engineer,1.0,0,Entry-Level,4.0,2.0
Mechanical Engineer,4.210030966993061,0,Entry-Level,8.420061933986123,-0.6050154834965307
Mechanical Engineer,14.884555936881595,2,Senior-Level,57.769111873763194,-18.9422779684408
Mechanical Engineer,3.1766599560929913,0,Entry-Level,7.353319912185983,0.9116700219535043
Mechanical Engineer,3.321692189493542,0,Entry-Level,6.643384378987084,-0.16084609474677092
Mechanical Engineer,1.0,0,Entry-Level,4.0,2.0
Mechanical Engineer,4.210030966993061,0,Entry-Level,8.420061933986123,-0.6050154834965307
Mechanical Engineer,14.884555936881595,2,Senior-Level,57.769111873763194,-18.9422779684408
Mechanical Engineer,3.1766599560929913,0,Entry-Level,7.353319912185983,0.9116700219535043
Mechanical Engineer,3.321692189493542,0,Entry-Level,6.643384378987084,-0.16084609474677092
Mechanical Engineer,1.0,0,Entry-Level,4.0,2.0
Mechanical Engineer,4.210030966993061,0,Entry-Level,8.420061933986123,-0.6050154834965307
Mechanical Engineer,14.884555936881595,2,Senior-Level,57.769111873763194,-18.9422779684408
Mechanical Engineer,3.1766599560929913,0,Entry-Level,7.353319912185983,0.9116700219535043
Mechanical Engineer,3.321692189493542,0,Entry-Level,6.643384378987084,-0.16084609474677092
Mechanical Engineer,1.0,0,Entry-Level,4.0,2.0
Mechanical Engineer,4.210030966993061,0,Entry-Level,8.420061933986123,-0.6050154834965307
Mechanical Engineer,14.884555936881595,2,Senior-Level,57.769111873763194,-18.9422779684408
Mechanical Engineer,3.1766599560929913,0,Entry-Level,7.353319912185983,0.9116700219535043
Mechanical Engineer,3.321692189493542,0,Entry-Level,6.643384378987084,-0.16084609474677092
Mechanical Engineer,1.0,0,Entry-Level,4.0,2.0
Mechanical Engineer,4.210030966993061,0,Entry-Level,8.420061933986123,-0.6050154834965307
Mechanical Engineer,14.884555936881595,2,Senior-Level,57.769111873763194,-18.9422779684408
Mechanical Engineer,3.1766599560929913,0,Entry-Level,7.353319912185983,0.9116700219535043
Mechanical Engineer,3.321692189493542,0,Entry-Level,6.643384378987084,-0.16084609474677092
Mechanical Engineer,1.0,0,Entry-Level,4.0,2.0
Mechanical Engineer,4.210030966993061,0,Entry-Level,8.420061933986123,-0.6050154834965307
Mechanical Engineer,14.884555936881595,2,Senior-Level,57.769111873763194,-18.9422779684408
Mechanical Engineer,3.1766599560929913,0,Entry-Level,7.353319912185983,0.9116700219535043
Mechanical Engineer,3.321692189493542,0,Entry-Level,6.643384378987084,-0.16084609474677092
Mechanical Engineer,1.0,0,Entry-Level,4.0,2.0
Mechanical Engineer,4.210030966993061,0,Entry-Level,8.420061933986123,-0.6050154834965307
Mechanical Engineer,14.884555936881595,2,Senior-Level,57.769111873763194,-18.9422779684408
Mechanical Engineer,3.1766599560929913,0,Entry-Level,7.353319912185983,0.9116700219535043
Mechanical Engineer,3.321692189493542,0,Entry-Level,6.643384378987084,-0.16084609474677092
Mechanical Engineer,1.0,0,Entry-Level,4.0,2.0
Mechanical Engineer,4.210030966993061,0,Entry-Level,8.420061933986123,-0.6050154834965307
Sales,7.143803472733489,0,Entry-Level,20.287606945466976,-3.0719017363667445
Sales,12.998777281875336,1,Mid-Level,34.99755456375067,-7.999388640937668
Sales,14.428710992293793,1,Mid-Level,40.85742198458759,-10.714355496146897
Sales,11.797702465691964,1,Mid-Level,47.595404931383925,-16.39885123284598
Sales,14.457677450854217,1,Mid-Level,39.91535490170843,-11.728838725427108
Sales,7.143803472733489,0,Entry-Level,20.287606945466976,-3.0719017363667445
Sales,12.998777281875336,1,Mid-Level,34.99755456375067,-7.999388640937668
Sales,14.428710992293793,1,Mid-Level,40.85742198458759,-10.714355496146897
Sales,11.797702465691964,1,Mid-Level,47.595404931383925,-16.39885123284598
Sales,14.457677450854217,1,Mid-Level,39.91535490170843,-11.728838725427108
Sales,7.143803472733489,0,Entry-Level,20.287606945466976,-3.0719017363667445
Sales,12.998777281875336,1,Mid-Level,34.99755456375067,-7.999388640937668
Sales,14.428710992293793,1,Mid-Level,40.85742198458759,-10.714355496146897
Sales,11.797702465691964,1,Mid-Level,47.595404931383925,-16.39885123284598
Sales,14.457677450854217,1,Mid-Level,39.91535490170843,-11.728838725427108
Sales,7.143803472733489,0,Entry-Level,20.287606945466976,-3.0719017363667445
Sales,12.998777281875336,1,Mid-Level,34.99755456375067,-7.999388640937668
Sales,14.428710992293793,1,Mid-Level,40.85742198458759,-10.714355496146897
Sales,11.797702465691964,1,Mid-Level,47.595404931383925,-16.39885123284598
Sales,14.457677450854217,1,Mid-Level,39.91535490170843,-11.728838725427108
Sales,7.143803472733489,0,Entry-Level,20.287606945466976,-3.0719017363667445
Sales,12.998777281875336,1,Mid-Level,34.99755456375067,-7.999388640937668
Sales,14.428710992293793,1,Mid-Level,40.85742198458759,-10.714355496146897
Sales,11.797702465691964,1,Mid-Level,47.595404931383925,-16.39885123284598
Sales,14.457677450854217,1,Mid-Level,39.91535490170843,-11.728838725427108
Sales,7.143803472733489,0,Entry-Level,20.287606945466976,-3.0719017363667445
Sales,12.998777281875336,1,Mid-Level,34.99755456375067,-7.999388640937668
Sales,14.428710992293793,1,Mid-Level,40.85742198458759,-10.714355496146897
Sales,11.797702465691964,1,Mid-Level,47.595404931383925,-16.39885123284598
Sales,14.457677450854217,1,Mid-Level,39.91535490170843,-11.728838725427108
Sales,7.143803472733489,0,Entry-Level,20.287606945466976,-3.0719017363667445
Sales,12.998777281875336,1,Mid-Level,34.99755456375067,-7.999388640937668
Sales,14.428710992293793,1,Mid-Level,40.85742198458759,-10.714355496146897
Sales,11.797702465691964,1,Mid-Level,47.595404931383925,-16.39885123284598
Sales,14.457677450854217,1,Mid-Level,39.91535490170843,-11.728838725427108
Sales,7.143803472733489,0,Entry-Level,20.287606945466976,-3.0719017363667445
Sales,12.998777281875336,1,Mid-Level,34.99755456375067,-7.999388640937668
Sales,14.428710992293793,1,Mid-Level,40.85742198458759,-10.714355496146897
Sales,11.797702465691964,1,Mid-Level,47.595404931383925,-16.39885123284598
Sales,14.457677450854217,1,Mid-Level,39.91535490170843,-11.728838725427108
Health and fitness,3.8476216229390556,0,Entry-Level,9.69524324587811,-0.4238108114695278
Health and fitness,2.3362341550661774,0,Entry-Level,5.672468310132355,1.3318829224669113
Health and fitness,9.694393725660815,0,Entry-Level,24.38878745132163,-4.347196862830407
Health and fitness,13.228154369027344,1,Mid-Level,39.45630873805469,-10.114077184513672
Health and fitness,11.4618591530107,1,Mid-Level,29.9237183060214,-8.23092957650535
Health and fitness,13.845845727311879,1,Mid-Level,35.69169145462376,-9.42292286365594
Health and fitness,3.8476216229390556,0,Entry-Level,9.69524324587811,-0.4238108114695278
Health and fitness,2.3362341550661774,0,Entry-Level,5.672468310132355,1.3318829224669113
Health and fitness,9.694393725660815,0,Entry-Level,24.38878745132163,-4.347196862830407
Health and fitness,13.228154369027344,1,Mid-Level,39.45630873805469,-10.114077184513672
Health and fitness,11.4618591530107,1,Mid-Level,29.9237183060214,-8.23092957650535
Health and fitness,13.845845727311879,1,Mid-Level,35.69169145462376,-9.42292286365594
Health and fitness,3.8476216229390556,0,Entry-Level,9.69524324587811,-0.4238108114695278
Health and fitness,2.3362341550661774,0,Entry-Level,5.672468310132355,1.3318829224669113
Health and fitness,9.694393725660815,0,Entry-Level,24.38878745132163,-4.347196862830407
Health and fitness,13.228154369027344,1,Mid-Level,39.45630873805469,-10.114077184513672
Health and fitness,11.4618591530107,1,Mid-Level,29.9237183060214,-8.23092957650535
Health and fitness,13.845845727311879,1,Mid-Level,35.69169145462376,-9.42292286365594
Health and fitness,3.8476216229390556,0,Entry-Level,9.69524324587811,-0.4238108114695278
Health and fitness,2.3362341550661774,0,Entry-Level,5.672468310132355,1.3318829224669113
Health and fitness,9.694393725660815,0,Entry-Level,24.38878745132163,-4.347196862830407
Health and fitness,13.228154369027344,1,Mid-Level,39.45630873805469,-10.114077184513672
Health and fitness,11.4618591530107,1,Mid-Level,29.9237183060214,-8.23092957650535
Health and fitness,13.845845727311879,1,Mid-Level,35.69169145462376,-9.42292286365594
Health and fitness,3.8476216229390556,0,Entry-Level,9.69524324587811,-0.4238108114695278
Health and fitness,2.3362341550661774,0,Entry-Level,5.672468310132355,1.3318829224669113
Health and fitness,9.694393725660815,0,Entry-Level,24.38878745132163,-4.347196862830407
Health and fitness,13.228154369027344,1,Mid-Level,39.45630873805469,-10.114077184513672
Health and fitness,11.4618591530107,1,Mid-Level,29.9237183060214,-8.23092957650535
Health and fitness,13.845845727311879,1,Mid-Level,35.69169145462376,-9.42292286365594
Civil Engineer,11.430988925159749,1,Mid-Level,31.861977850319498,-7.2154944625798745
Civil Engineer,3.8261098056824054,0,Entry-Level,7.652219611364811,-0.4130549028412027
Civil Engineer,13.400027304919261,1,Mid-Level,36.800054609838526,-11.200013652459631
Civil Engineer,14.793133735530173,1,Mid-Level,45.586267471060346,-12.896566867765086
Civil Engineer,13.55553898962486,1,Mid-Level,42.11107797924972,-13.27776949481243
Civil Engineer,3.0129977440374804,0,Entry-Level,6.025995488074961,-0.0064988720187402205
Civil Engineer,11.430988925159749,1,Mid-Level,31.861977850319498,-7.2154944625798745
Civil Engineer,3.8261098056824054,0,Entry-Level,7.652219611364811,-0.4130549028412027
Civil Engineer,13.400027304919261,1,Mid-Level,36.800054609838526,-11.200013652459631
Civil Engineer,14.793133735530173,1,Mid-Level,45.586267471060346,-12.896566867765086
Civil Engineer,13.55553898962486,1,Mid-Level,42.11107797924972,-13.27776949481243
Civil Engineer,3.0129977440374804,0,Entry-Level,6.025995488074961,-0.0064988720187402205
Civil Engineer,11.430988925159749,1,Mid-Level,31.861977850319498,-7.2154944625798745
Civil Engineer,3.8261098056824054,0,Entry-Level,7.652219611364811,-0.4130549028412027
Civil Engineer,13.400027304919261,1,Mid-Level,36.800054609838526,-11.200013652459631
Civil Engineer,14.793133735530173,1,Mid-Level,45.586267471060346,-12.896566867765086
Civil Engineer,13.55553898962486,1,Mid-Level,42.11107797924972,-13.27776949481243
Civil Engineer,3.0129977440374804,0,Entry-Level,6.025995488074961,-0.0064988720187402205
Civil Engineer,11.430988925159749,1,Mid-Level,31.861977850319498,-7.2154944625798745
Civil Engineer,3.8261098056824054,0,Entry-Level,7.652219611364811,-0.4130549028412027
Civil Engineer,13.400027304919261,1,Mid-Level,36.800054609838526,-11.200013652459631
Civil Engineer,14.793133735530173,1,Mid-Level,45.586267471060346,-12.896566867765086
Civil Engineer,13.55553898962486,1,Mid-Level,42.11107797924972,-13.27776949481243
Civil Engineer,3.0129977440374804,0,Entry-Level,6.025995488074961,-0.0064988720187402205
Java Developer,4.725419905101678,0,Entry-Level,9.450839810203355,-0.8627099525508388
Java Developer,6.476871063193305,0,Entry-Level,13.95374212638661,-0.7384355315966524
Java Developer,12.302417540218885,1,Mid-Level,31.60483508043777,-8.651208770109442
Java Developer,10.31024293680253,0,Entry-Level,23.62048587360506,-5.655121468401265
Java Developer,5.103182553675506,0,Entry-Level,11.206365107351012,-0.051591276837752886
Java Developer,6.605407757538053,0,Entry-Level,16.210815515076106,-3.8027038787690266
Java Developer,4.621201145440155,0,Entry-Level,7.24240229088031,2.1893994272799224
Java Developer,4.621201145440155,0,Entry-Level,7.24240229088031,2.1893994272799224
Java Developer,4.890655982753672,0,Entry-Level,9.781311965507344,-0.945327991376836
Java Developer,4.864337831970435,0,Entry-Level,9.72867566394087,-0.9321689159852173
Java Developer,13.755183450581438,1,Mid-Level,38.510366901162875,-11.377591725290719
Java Developer,8.477288908699732,0,Entry-Level,20.954577817399464,-1.738644454349866
Java Developer,11.825365040206881,1,Mid-Level,33.650730080413766,-10.412682520103441
Java Developer,2.0,0,Entry-Level,7.0,-1.5
Java Developer,4.725419905101678,0,Entry-Level,9.450839810203355,-0.8627099525508388
Java Developer,6.476871063193305,0,Entry-Level,13.95374212638661,-0.7384355315966524
Java Developer,12.302417540218885,1,Mid-Level,31.60483508043777,-8.651208770109442
Java Developer,10.31024293680253,0,Entry-Level,23.62048587360506,-5.655121468401265
Java Developer,5.103182553675506,0,Entry-Level,11.206365107351012,-0.051591276837752886
Java Developer,6.605407757538053,0,Entry-Level,16.210815515076106,-3.8027038787690266
Java Developer,4.621201145440155,0,Entry-Level,7.24240229088031,2.1893994272799224
Java Developer,4.621201145440155,0,Entry-Level,7.24240229088031,2.1893994272799224
Java Developer,4.890655982753672,0,Entry-Level,9.781311965507344,-0.945327991376836
Java Developer,4.864337831970435,0,Entry-Level,9.72867566394087,-0.9321689159852173
Java Developer,13.755183450581438,1,Mid-Level,38.510366901162875,-11.377591725290719
Java Developer,8.477288908699732,0,Entry-Level,20.954577817399464,-1.738644454349866
Java Developer,11.825365040206881,1,Mid-Level,33.650730080413766,-10.412682520103441
Java Developer,2.0,0,Entry-Level,7.0,-1.5
Java Developer,4.725419905101678,0,Entry-Level,9.450839810203355,-0.8627099525508388
Java Developer,6.476871063193305,0,Entry-Level,13.95374212638661,-0.7384355315966524
Java Developer,12.302417540218885,1,Mid-Level,31.60483508043777,-8.651208770109442
Java Developer,10.31024293680253,0,Entry-Level,23.62048587360506,-5.655121468401265
Java Developer,5.103182553675506,0,Entry-Level,11.206365107351012,-0.051591276837752886
Java Developer,6.605407757538053,0,Entry-Level,16.210815515076106,-3.8027038787690266
Java Developer,4.621201145440155,0,Entry-Level,7.24240229088031,2.1893994272799224
Java Developer,4.621201145440155,0,Entry-Level,7.24240229088031,2.1893994272799224
Java Developer,4.890655982753672,0,Entry-Level,9.781311965507344,-0.945327991376836
Java Developer,4.864337831970435,0,Entry-Level,9.72867566394087,-0.9321689159852173
Java Developer,13.755183450581438,1,Mid-Level,38.510366901162875,-11.377591725290719
Java Developer,8.477288908699732,0,Entry-Level,20.954577817399464,-1.738644454349866
Java Developer,11.825365040206881,1,Mid-Level,33.650730080413766,-10.412682520103441
Java Developer,2.0,0,Entry-Level,7.0,-1.5
Java Developer,4.725419905101678,0,Entry-Level,9.450839810203355,-0.8627099525508388
Java Developer,6.476871063193305,0,Entry-Level,13.95374212638661,-0.7384355315966524
Java Developer,12.302417540218885,1,Mid-Level,31.60483508043777,-8.651208770109442
Java Developer,10.31024293680253,0,Entry-Level,23.62048587360506,-5.655121468401265
Java Developer,5.103182553675506,0,Entry-Level,11.206365107351012,-0.051591276837752886
Java Developer,6.605407757538053,0,Entry-Level,16.210815515076106,-3.8027038787690266
Java Developer,4.621201145440155,0,Entry-Level,7.24240229088031,2.1893994272799224
Java Developer,4.621201145440155,0,Entry-Level,7.24240229088031,2.1893994272799224
Java Developer,4.890655982753672,0,Entry-Level,9.781311965507344,-0.945327991376836
Java Developer,4.864337831970435,0,Entry-Level,9.72867566394087,-0.9321689159852173
Java Developer,13.755183450581438,1,Mid-Level,38.510366901162875,-11.377591725290719
Java Developer,8.477288908699732,0,Entry-Level,20.954577817399464,-1.738644454349866
Java Developer,11.825365040206881,1,Mid-Level,33.650730080413766,-10.412682520103441
Java Developer,2.0,0,Entry-Level,7.0,-1.5
Java Developer,4.725419905101678,0,Entry-Level,9.450839810203355,-0.8627099525508388
Java Developer,6.476871063193305,0,Entry-Level,13.95374212638661,-0.7384355315966524
Java Developer,12.302417540218885,1,Mid-Level,31.60483508043777,-8.651208770109442
Java Developer,10.31024293680253,0,Entry-Level,23.62048587360506,-5.655121468401265
Java Developer,5.103182553675506,0,Entry-Level,11.206365107351012,-0.051591276837752886
Java Developer,6.605407757538053,0,Entry-Level,16.210815515076106,-3.8027038787690266
Java Developer,4.621201145440155,0,Entry-Level,7.24240229088031,2.1893994272799224
Java Developer,4.621201145440155,0,Entry-Level,7.24240229088031,2.1893994272799224
Java Developer,4.890655982753672,0,Entry-Level,9.781311965507344,-0.945327991376836
Java Developer,4.864337831970435,0,Entry-Level,9.72867566394087,-0.9321689159852173
Java Developer,13.755183450581438,1,Mid-Level,38.510366901162875,-11.377591725290719
Java Developer,8.477288908699732,0,Entry-Level,20.954577817399464,-1.738644454349866
Java Developer,11.825365040206881,1,Mid-Level,33.650730080413766,-10.412682520103441
Java Developer,2.0,0,Entry-Level,7.0,-1.5
Java Developer,4.725419905101678,0,Entry-Level,9.450839810203355,-0.8627099525508388
Java Developer,6.476871063193305,0,Entry-Level,13.95374212638661,-0.7384355315966524
Java Developer,12.302417540218885,1,Mid-Level,31.60483508043777,-8.651208770109442
Java Developer,10.31024293680253,0,Entry-Level,23.62048587360506,-5.655121468401265
Java Developer,5.103182553675506,0,Entry-Level,11.206365107351012,-0.051591276837752886
Java Developer,6.605407757538053,0,Entry-Level,16.210815515076106,-3.8027038787690266
Java Developer,4.621201145440155,0,Entry-Level,7.24240229088031,2.1893994272799224
Java Developer,4.621201145440155,0,Entry-Level,7.24240229088031,2.1893994272799224
Java Developer,4.890655982753672,0,Entry-Level,9.781311965507344,-0.945327991376836
Java Developer,4.864337831970435,0,Entry-Level,9.72867566394087,-0.9321689159852173
Java Developer,13.755183450581438,1,Mid-Level,38.510366901162875,-11.377591725290719
Java Developer,8.477288908699732,0,Entry-Level,20.954577817399464,-1.738644454349866
Java Developer,11.825365040206881,1,Mid-Level,33.650730080413766,-10.412682520103441
Java Developer,2.0,0,Entry-Level,7.0,-1.5
Business Analyst,10.660096846385064,1,Mid-Level,26.32019369277013,-4.830048423192532
Business Analyst,7.680784098278834,0,Entry-Level,15.361568196557668,-2.340392049139417
Business Analyst,11.112411462916123,1,Mid-Level,36.22482292583224,-6.0562057314580615
Business Analyst,11.20640647898201,2,Senior-Level,44.41281295796402,-12.103203239491005
Business Analyst,1.8112365001624091,0,Entry-Level,2.6224730003248187,4.594381749918796
Business Analyst,14.01972256327842,1,Mid-Level,38.03944512655684,-8.50986128163921
Business Analyst,11.112411462916123,1,Mid-Level,36.22482292583224,-6.0562057314580615
Business Analyst,11.20640647898201,2,Senior-Level,44.41281295796402,-12.103203239491005
Business Analyst,1.8112365001624091,0,Entry-Level,2.6224730003248187,4.594381749918796
Business Analyst,14.01972256327842,1,Mid-Level,38.03944512655684,-8.50986128163921
Business Analyst,11.112411462916123,1,Mid-Level,36.22482292583224,-6.0562057314580615
Business Analyst,11.20640647898201,2,Senior-Level,44.41281295796402,-12.103203239491005
Business Analyst,1.8112365001624091,0,Entry-Level,2.6224730003248187,4.594381749918796
Business Analyst,14.01972256327842,1,Mid-Level,38.03944512655684,-8.50986128163921
Business Analyst,10.660096846385064,1,Mid-Level,26.32019369277013,-4.830048423192532
Business Analyst,7.680784098278834,0,Entry-Level,15.361568196557668,-2.340392049139417
Business Analyst,11.112411462916123,1,Mid-Level,36.22482292583224,-6.0562057314580615
Business Analyst,11.20640647898201,2,Senior-Level,44.41281295796402,-12.103203239491005
Business Analyst,1.8112365001624091,0,Entry-Level,2.6224730003248187,4.594381749918796
Business Analyst,14.01972256327842,1,Mid-Level,38.03944512655684,-8.50986128163921
Business Analyst,11.112411462916123,1,Mid-Level,36.22482292583224,-6.0562057314580615
Business Analyst,11.20640647898201,2,Senior-Level,44.41281295796402,-12.103203239491005
Business Analyst,1.8112365001624091,0,Entry-Level,2.6224730003248187,4.594381749918796
Business Analyst,14.01972256327842,1,Mid-Level,38.03944512655684,-8.50986128163921
Business Analyst,11.112411462916123,1,Mid-Level,36.22482292583224,-6.0562057314580615
Business Analyst,11.20640647898201,2,Senior-Level,44.41281295796402,-12.103203239491005
Business Analyst,1.8112365001624091,0,Entry-Level,2.6224730003248187,4.594381749918796
Business Analyst,14.01972256327842,1,Mid-Level,38.03944512655684,-8.50986128163921
SAP Developer,12.9987217771685,1,Mid-Level,30.997443554336996,-5.99936088858425
SAP Developer,14.257538977088789,1,Mid-Level,31.515077954177578,-7.628769488544394
SAP Developer,14.161136607367231,1,Mid-Level,38.322273214734466,-11.580568303683616
SAP Developer,13.275760880476982,1,Mid-Level,33.55152176095396,-9.13788044023849
SAP Developer,7.991842061275815,0,Entry-Level,15.98368412255163,-2.4959210306379074
SAP Developer,11.375121980973603,1,Mid-Level,45.750243961947206,-13.187560990486801
SAP Developer,12.9987217771685,1,Mid-Level,30.997443554336996,-5.99936088858425
SAP Developer,14.257538977088789,1,Mid-Level,31.515077954177578,-7.628769488544394
SAP Developer,14.161136607367231,1,Mid-Level,38.322273214734466,-11.580568303683616
SAP Developer,13.275760880476982,1,Mid-Level,33.55152176095396,-9.13788044023849
SAP Developer,7.991842061275815,0,Entry-Level,15.98368412255163,-2.4959210306379074
SAP Developer,11.375121980973603,1,Mid-Level,45.750243961947206,-13.187560990486801
SAP Developer,12.9987217771685,1,Mid-Level,30.997443554336996,-5.99936088858425
SAP Developer,14.257538977088789,1,Mid-Level,31.515077954177578,-7.628769488544394
SAP Developer,14.161136607367231,1,Mid-Level,38.322273214734466,-11.580568303683616
SAP Developer,13.275760880476982,1,Mid-Level,33.55152176095396,-9.13788044023849
SAP Developer,7.991842061275815,0,Entry-Level,15.98368412255163,-2.4959210306379074
SAP Developer,11.375121980973603,1,Mid-Level,45.750243961947206,-13.187560990486801
SAP Developer,12.9987217771685,1,Mid-Level,30.997443554336996,-5.99936088858425
SAP Developer,14.257538977088789,1,Mid-Level,31.515077954177578,-7.628769488544394
SAP Developer,14.161136607367231,1,Mid-Level,38.322273214734466,-11.580568303683616
SAP Developer,13.275760880476982,1,Mid-Level,33.55152176095396,-9.13788044023849
SAP Developer,7.991842061275815,0,Entry-Level,15.98368412255163,-2.4959210306379074
SAP Developer,11.375121980973603,1,Mid-Level,45.750243961947206,-13.187560990486801
Automation Testing,2.0,0,Entry-Level,9.0,-0.5
Automation Testing,9.0,1,Mid-Level,30.0,-5.0
Automation Testing,9.9237797437129,0,Entry-Level,19.8475594874258,-3.4618898718564504
Automation Testing,14.364092925713972,2,Senior-Level,53.728185851427945,-19.682046462856988
Automation Testing,6.93636532203318,0,Entry-Level,14.872730644066358,-0.96818266101659
Automation Testing,12.998526041807743,1,Mid-Level,33.997052083615486,-8.999263020903872
Automation Testing,4.503151214408957,0,Entry-Level,9.006302428817914,-0.7515756072044786
Automation Testing,14.364092925713972,2,Senior-Level,53.728185851427945,-19.682046462856988
Automation Testing,6.93636532203318,0,Entry-Level,14.872730644066358,-0.96818266101659
Automation Testing,14.364092925713972,2,Senior-Level,53.728185851427945,-19.682046462856988
Automation Testing,6.93636532203318,0,Entry-Level,14.872730644066358,-0.96818266101659
Automation Testing,14.364092925713972,2,Senior-Level,53.728185851427945,-19.682046462856988
Automation Testing,6.93636532203318,0,Entry-Level,14.872730644066358,-0.96818266101659
Automation Testing,2.0,0,Entry-Level,9.0,-0.5
Automation Testing,9.0,1,Mid-Level,30.0,-5.0
Automation Testing,9.9237797437129,0,Entry-Level,19.8475594874258,-3.4618898718564504
Automation Testing,14.364092925713972,2,Senior-Level,53.728185851427945,-19.682046462856988
Automation Testing,6.93636532203318,0,Entry-Level,14.872730644066358,-0.96818266101659
Automation Testing,12.998526041807743,1,Mid-Level,33.997052083615486,-8.999263020903872
Automation Testing,4.503151214408957,0,Entry-Level,9.006302428817914,-0.7515756072044786
Automation Testing,14.364092925713972,2,Senior-Level,53.728185851427945,-19.682046462856988
Automation Testing,6.93636532203318,0,Entry-Level,14.872730644066358,-0.96818266101659
Automation Testing,14.364092925713972,2,Senior-Level,53.728185851427945,-19.682046462856988
Automation Testing,6.93636532203318,0,Entry-Level,14.872730644066358,-0.96818266101659
Automation Testing,14.364092925713972,2,Senior-Level,53.728185851427945,-19.682046462856988
Automation Testing,6.93636532203318,0,Entry-Level,14.872730644066358,-0.96818266101659
Electrical Engineering,4.0,0,Entry-Level,17.0,-1.5
Electrical Engineering,10.78893435578535,1,Mid-Level,28.5778687115707,-7.894467177892675
Electrical Engineering,5.0,0,Entry-Level,13.0,-3.0
Electrical Engineering,4.118667932659687,0,Entry-Level,8.237335865319373,-0.5593339663298433
Electrical Engineering,5.667575798156563,0,Entry-Level,12.335151596313127,-0.33378789907828166
Electrical Engineering,4.0,0,Entry-Level,17.0,-1.5
Electrical Engineering,10.78893435578535,1,Mid-Level,28.5778687115707,-7.894467177892675
Electrical Engineering,5.0,0,Entry-Level,13.0,-3.0
Electrical Engineering,4.118667932659687,0,Entry-Level,8.237335865319373,-0.5593339663298433
Electrical Engineering,5.667575798156563,0,Entry-Level,12.335151596313127,-0.33378789907828166
Electrical Engineering,4.0,0,Entry-Level,17.0,-1.5
Electrical Engineering,10.78893435578535,1,Mid-Level,28.5778687115707,-7.894467177892675
Electrical Engineering,5.0,0,Entry-Level,13.0,-3.0
Electrical Engineering,4.118667932659687,0,Entry-Level,8.237335865319373,-0.5593339663298433
Electrical Engineering,5.667575798156563,0,Entry-Level,12.335151596313127,-0.33378789907828166
Electrical Engineering,4.0,0,Entry-Level,17.0,-1.5
Electrical Engineering,10.78893435578535,1,Mid-Level,28.5778687115707,-7.894467177892675
Electrical Engineering,5.0,0,Entry-Level,13.0,-3.0
Electrical Engineering,4.118667932659687,0,Entry-Level,8.237335865319373,-0.5593339663298433
Electrical Engineering,5.667575798156563,0,Entry-Level,12.335151596313127,-0.33378789907828166
Electrical Engineering,4.0,0,Entry-Level,17.0,-1.5
Electrical Engineering,10.78893435578535,1,Mid-Level,28.5778687115707,-7.894467177892675
Electrical Engineering,5.0,0,Entry-Level,13.0,-3.0
Electrical Engineering,4.118667932659687,0,Entry-Level,8.237335865319373,-0.5593339663298433
Electrical Engineering,5.667575798156563,0,Entry-Level,12.335151596313127,-0.33378789907828166
Electrical Engineering,4.0,0,Entry-Level,17.0,-1.5
Electrical Engineering,10.78893435578535,1,Mid-Level,28.5778687115707,-7.894467177892675
Electrical Engineering,5.0,0,Entry-Level,13.0,-3.0
Electrical Engineering,4.118667932659687,0,Entry-Level,8.237335865319373,-0.5593339663298433
Electrical Engineering,5.667575798156563,0,Entry-Level,12.335151596313127,-0.33378789907828166
Operations Manager,13.360537835947166,2,Senior-Level,52.72107567189433,-14.180268917973583
Operations Manager,13.750554067889391,2,Senior-Level,55.50110813577878,-17.375277033944695
Operations Manager,14.064995450055344,2,Senior-Level,49.129990900110684,-12.532497725027671
Operations Manager,11.186198511103662,2,Senior-Level,46.37239702220732,-15.09309925555183
Operations Manager,13.360537835947166,2,Senior-Level,52.72107567189433,-14.180268917973583
Operations Manager,13.750554067889391,2,Senior-Level,55.50110813577878,-17.375277033944695
Operations Manager,14.064995450055344,2,Senior-Level,49.129990900110684,-12.532497725027671
Operations Manager,11.186198511103662,2,Senior-Level,46.37239702220732,-15.09309925555183
Operations Manager,13.360537835947166,2,Senior-Level,52.72107567189433,-14.180268917973583
Operations Manager,13.750554067889391,2,Senior-Level,55.50110813577878,-17.375277033944695
Operations Manager,14.064995450055344,2,Senior-Level,49.129990900110684,-12.532497725027671
Operations Manager,11.186198511103662,2,Senior-Level,46.37239702220732,-15.09309925555183
Operations Manager,13.360537835947166,2,Senior-Level,52.72107567189433,-14.180268917973583
Operations Manager,13.750554067889391,2,Senior-Level,55.50110813577878,-17.375277033944695
Operations Manager,14.064995450055344,2,Senior-Level,49.129990900110684,-12.532497725027671
Operations Manager,11.186198511103662,2,Senior-Level,46.37239702220732,-15.09309925555183
Operations Manager,13.360537835947166,2,Senior-Level,52.72107567189433,-14.180268917973583
Operations Manager,13.750554067889391,2,Senior-Level,55.50110813577878,-17.375277033944695
Operations Manager,14.064995450055344,2,Senior-Level,49.129990900110684,-12.532497725027671
Operations Manager,11.186198511103662,2,Senior-Level,46.37239702220732,-15.09309925555183
Operations Manager,13.360537835947166,2,Senior-Level,52.72107567189433,-14.180268917973583
Operations Manager,13.750554067889391,2,Senior-Level,55.50110813577878,-17.375277033944695
Operations Manager,14.064995450055344,2,Senior-Level,49.129990900110684,-12.532497725027671
Operations Manager,11.186198511103662,2,Senior-Level,46.37239702220732,-15.09309925555183
Operations Manager,13.360537835947166,2,Senior-Level,52.72107567189433,-14.180268917973583
Operations Manager,13.750554067889391,2,Senior-Level,55.50110813577878,-17.375277033944695
Operations Manager,14.064995450055344,2,Senior-Level,49.129990900110684,-12.532497725027671
Operations Manager,11.186198511103662,2,Senior-Level,46.37239702220732,-15.09309925555183
Operations Manager,13.360537835947166,2,Senior-Level,52.72107567189433,-14.180268917973583
Operations Manager,13.750554067889391,2,Senior-Level,55.50110813577878,-17.375277033944695
Operations Manager,14.064995450055344,2,Senior-Level,49.129990900110684,-12.532497725027671
Operations Manager,11.186198511103662,2,Senior-Level,46.37239702220732,-15.09309925555183
Operations Manager,13.360537835947166,2,Senior-Level,52.72107567189433,-14.180268917973583
Operations Manager,13.750554067889391,2,Senior-Level,55.50110813577878,-17.375277033944695
Operations Manager,14.064995450055344,2,Senior-Level,49.129990900110684,-12.532497725027671
Operations Manager,11.186198511103662,2,Senior-Level,46.37239702220732,-15.09309925555183
Operations Manager,13.360537835947166,2,Senior-Level,52.72107567189433,-14.180268917973583
Operations Manager,13.750554067889391,2,Senior-Level,55.50110813577878,-17.375277033944695
Operations Manager,14.064995450055344,2,Senior-Level,49.129990900110684,-12.532497725027671
Operations Manager,11.186198511103662,2,Senior-Level,46.37239702220732,-15.09309925555183
Python Developer,2.0,0,Entry-Level,15.0,-2.5
Python Developer,9.715114498798162,0,Entry-Level,22.430228997596323,-5.357557249399081
Python Developer,2.386973421038113,0,Entry-Level,2.773946842076226,3.3065132894809435
Python Developer,9.407463913220901,0,Entry-Level,21.814927826441803,-5.203731956610451
Python Developer,10.54719094428864,0,Entry-Level,23.09438188857728,-2.7735954721443203
Python Developer,9.125171386619856,0,Entry-Level,21.250342773239712,-5.062585693309928
Python Developer,2.0,0,Entry-Level,15.0,-2.5
Python Developer,9.715114498798162,0,Entry-Level,22.430228997596323,-5.357557249399081
Python Developer,2.386973421038113,0,Entry-Level,2.773946842076226,3.3065132894809435
Python Developer,9.407463913220901,0,Entry-Level,21.814927826441803,-5.203731956610451
Python Developer,10.54719094428864,0,Entry-Level,23.09438188857728,-2.7735954721443203
Python Developer,9.125171386619856,0,Entry-Level,21.250342773239712,-5.062585693309928
Python Developer,2.0,0,Entry-Level,15.0,-2.5
Python Developer,9.715114498798162,0,Entry-Level,22.430228997596323,-5.357557249399081
Python Developer,2.386973421038113,0,Entry-Level,2.773946842076226,3.3065132894809435
Python Developer,9.407463913220901,0,Entry-Level,21.814927826441803,-5.203731956610451
Python Developer,10.54719094428864,0,Entry-Level,23.09438188857728,-2.7735954721443203
Python Developer,9.125171386619856,0,Entry-Level,21.250342773239712,-5.062585693309928
Python Developer,2.0,0,Entry-Level,15.0,-2.5
Python Developer,9.715114498798162,0,Entry-Level,22.430228997596323,-5.357557249399081
Python Developer,2.386973421038113,0,Entry-Level,2.773946842076226,3.3065132894809435
Python Developer,9.407463913220901,0,Entry-Level,21.814927826441803,-5.203731956610451
Python Developer,10.54719094428864,0,Entry-Level,23.09438188857728,-2.7735954721443203
Python Developer,9.125171386619856,0,Entry-Level,21.250342773239712,-5.062585693309928
Python Developer,2.0,0,Entry-Level,15.0,-2.5
Python Developer,9.715114498798162,0,Entry-Level,22.430228997596323,-5.357557249399081
Python Developer,2.386973421038113,0,Entry-Level,2.773946842076226,3.3065132894809435
Python Developer,9.407463913220901,0,Entry-Level,21.814927826441803,-5.203731956610451
Python Developer,10.54719094428864,0,Entry-Level,23.09438188857728,-2.7735954721443203
Python Developer,9.125171386619856,0,Entry-Level,21.250342773239712,-5.062585693309928
Python Developer,2.0,0,Entry-Level,15.0,-2.5
Python Developer,9.715114498798162,0,Entry-Level,22.430228997596323,-5.357557249399081
Python Developer,2.386973421038113,0,Entry-Level,2.773946842076226,3.3065132894809435
Python Developer,9.407463913220901,0,Entry-Level,21.814927826441803,-5.203731956610451
Python Developer,10.54719094428864,0,Entry-Level,23.09438188857728,-2.7735954721443203
Python Developer,9.125171386619856,0,Entry-Level,21.250342773239712,-5.062585693309928
Python Developer,2.0,0,Entry-Level,15.0,-2.5
Python Developer,9.715114498798162,0,Entry-Level,22.430228997596323,-5.357557249399081
Python Developer,2.386973421038113,0,Entry-Level,2.773946842076226,3.3065132894809435
Python Developer,9.407463913220901,0,Entry-Level,21.814927826441803,-5.203731956610451
Python Developer,10.54719094428864,0,Entry-Level,23.09438188857728,-2.7735954721443203
Python Developer,9.125171386619856,0,Entry-Level,21.250342773239712,-5.062585693309928
Python Developer,2.0,0,Entry-Level,15.0,-2.5
Python Developer,9.715114498798162,0,Entry-Level,22.430228997596323,-5.357557249399081
Python Developer,2.386973421038113,0,Entry-Level,2.773946842076226,3.3065132894809435
Python Developer,9.407463913220901,0,Entry-Level,21.814927826441803,-5.203731956610451
Python Developer,10.54719094428864,0,Entry-Level,23.09438188857728,-2.7735954721443203
Python Developer,9.125171386619856,0,Entry-Level,21.250342773239712,-5.062585693309928
DevOps Engineer,13.501963012817791,2,Senior-Level,46.00392602563558,-14.250981506408895
DevOps Engineer,4.618630159063541,0,Entry-Level,9.237260318127081,-0.8093150795317703
DevOps Engineer,13.364601924743392,2,Senior-Level,44.72920384948678,-14.182300962371695
DevOps Engineer,13.567531173468108,2,Senior-Level,58.135062346936216,-20.283765586734056
DevOps Engineer,14.502633092005263,1,Mid-Level,35.00526618401052,-6.751316546002632
DevOps Engineer,15.0,1,Mid-Level,39.0,-9.0
DevOps Engineer,14.551142845681223,1,Mid-Level,45.10228569136245,-12.775571422840612
DevOps Engineer,13.501963012817791,2,Senior-Level,46.00392602563558,-14.250981506408895
DevOps Engineer,4.618630159063541,0,Entry-Level,9.237260318127081,-0.8093150795317703
DevOps Engineer,13.364601924743392,2,Senior-Level,44.72920384948678,-14.182300962371695
DevOps Engineer,13.501963012817791,2,Senior-Level,46.00392602563558,-14.250981506408895
DevOps Engineer,4.618630159063541,0,Entry-Level,9.237260318127081,-0.8093150795317703
DevOps Engineer,13.364601924743392,2,Senior-Level,44.72920384948678,-14.182300962371695
DevOps Engineer,13.501963012817791,2,Senior-Level,46.00392602563558,-14.250981506408895
DevOps Engineer,4.618630159063541,0,Entry-Level,9.237260318127081,-0.8093150795317703
DevOps Engineer,13.364601924743392,2,Senior-Level,44.72920384948678,-14.182300962371695
DevOps Engineer,13.501963012817791,2,Senior-Level,46.00392602563558,-14.250981506408895
DevOps Engineer,4.618630159063541,0,Entry-Level,9.237260318127081,-0.8093150795317703
DevOps Engineer,13.364601924743392,2,Senior-Level,44.72920384948678,-14.182300962371695
DevOps Engineer,13.501963012817791,2,Senior-Level,46.00392602563558,-14.250981506408895
DevOps Engineer,4.618630159063541,0,Entry-Level,9.237260318127081,-0.8093150795317703
DevOps Engineer,13.364601924743392,2,Senior-Level,44.72920384948678,-14.182300962371695
DevOps Engineer,13.501963012817791,2,Senior-Level,46.00392602563558,-14.250981506408895
DevOps Engineer,4.618630159063541,0,Entry-Level,9.237260318127081,-0.8093150795317703
DevOps Engineer,13.364601924743392,2,Senior-Level,44.72920384948678,-14.182300962371695
DevOps Engineer,13.501963012817791,2,Senior-Level,46.00392602563558,-14.250981506408895
DevOps Engineer,4.618630159063541,0,Entry-Level,9.237260318127081,-0.8093150795317703
DevOps Engineer,13.364601924743392,2,Senior-Level,44.72920384948678,-14.182300962371695
DevOps Engineer,13.501963012817791,2,Senior-Level,46.00392602563558,-14.250981506408895
DevOps Engineer,4.618630159063541,0,Entry-Level,9.237260318127081,-0.8093150795317703
DevOps Engineer,13.364601924743392,2,Senior-Level,44.72920384948678,-14.182300962371695
DevOps Engineer,13.501963012817791,2,Senior-Level,46.00392602563558,-14.250981506408895
DevOps Engineer,4.618630159063541,0,Entry-Level,9.237260318127081,-0.8093150795317703
DevOps Engineer,13.364601924743392,2,Senior-Level,44.72920384948678,-14.182300962371695
DevOps Engineer,13.501963012817791,2,Senior-Level,46.00392602563558,-14.250981506408895
DevOps Engineer,4.618630159063541,0,Entry-Level,9.237260318127081,-0.8093150795317703
DevOps Engineer,13.364601924743392,2,Senior-Level,44.72920384948678,-14.182300962371695
DevOps Engineer,13.501963012817791,2,Senior-Level,46.00392602563558,-14.250981506408895
DevOps Engineer,4.618630159063541,0,Entry-Level,9.237260318127081,-0.8093150795317703
DevOps Engineer,13.364601924743392,2,Senior-Level,44.72920384948678,-14.182300962371695
DevOps Engineer,13.501963012817791,2,Senior-Level,46.00392602563558,-14.250981506408895
DevOps Engineer,4.618630159063541,0,Entry-Level,9.237260318127081,-0.8093150795317703
DevOps Engineer,13.364601924743392,2,Senior-Level,44.72920384948678,-14.182300962371695
DevOps Engineer,13.501963012817791,2,Senior-Level,46.00392602563558,-14.250981506408895
DevOps Engineer,4.618630159063541,0,Entry-Level,9.237260318127081,-0.8093150795317703
DevOps Engineer,13.364601924743392,2,Senior-Level,44.72920384948678,-14.182300962371695
DevOps Engineer,13.501963012817791,2,Senior-Level,46.00392602563558,-14.250981506408895
DevOps Engineer,4.618630159063541,0,Entry-Level,9.237260318127081,-0.8093150795317703
DevOps Engineer,13.364601924743392,2,Senior-Level,44.72920384948678,-14.182300962371695
DevOps Engineer,13.501963012817791,2,Senior-Level,46.00392602563558,-14.250981506408895
DevOps Engineer,4.618630159063541,0,Entry-Level,9.237260318127081,-0.8093150795317703
DevOps Engineer,13.364601924743392,2,Senior-Level,44.72920384948678,-14.182300962371695
DevOps Engineer,13.501963012817791,2,Senior-Level,46.00392602563558,-14.250981506408895
DevOps Engineer,4.618630159063541,0,Entry-Level,9.237260318127081,-0.8093150795317703
DevOps Engineer,13.364601924743392,2,Senior-Level,44.72920384948678,-14.182300962371695
Network Security Engineer,7.449852541196984,0,Entry-Level,17.899705082393968,-0.22492627059849202
Network Security Engineer,13.046861438745012,1,Mid-Level,37.09372287749002,-3.023430719372506
Network Security Engineer,8.36315379426641,0,Entry-Level,21.72630758853282,-3.681576897133205
Network Security Engineer,14.145636925725462,1,Mid-Level,44.291273851450924,-13.572818462862731
Network Security Engineer,11.24090335777494,2,Senior-Level,52.48180671554988,-18.12045167888747
Network Security Engineer,7.449852541196984,0,Entry-Level,17.899705082393968,-0.22492627059849202
Network Security Engineer,13.046861438745012,1,Mid-Level,37.09372287749002,-3.023430719372506
Network Security Engineer,8.36315379426641,0,Entry-Level,21.72630758853282,-3.681576897133205
Network Security Engineer,14.145636925725462,1,Mid-Level,44.291273851450924,-13.572818462862731
Network Security Engineer,11.24090335777494,2,Senior-Level,52.48180671554988,-18.12045167888747
Network Security Engineer,7.449852541196984,0,Entry-Level,17.899705082393968,-0.22492627059849202
Network Security Engineer,13.046861438745012,1,Mid-Level,37.09372287749002,-3.023430719372506
Network Security Engineer,8.36315379426641,0,Entry-Level,21.72630758853282,-3.681576897133205
Network Security Engineer,14.145636925725462,1,Mid-Level,44.291273851450924,-13.572818462862731
Network Security Engineer,11.24090335777494,2,Senior-Level,52.48180671554988,-18.12045167888747
Network Security Engineer,7.449852541196984,0,Entry-Level,17.899705082393968,-0.22492627059849202
Network Security Engineer,13.046861438745012,1,Mid-Level,37.09372287749002,-3.023430719372506
Network Security Engineer,8.36315379426641,0,Entry-Level,21.72630758853282,-3.681576897133205
Network Security Engineer,14.145636925725462,1,Mid-Level,44.291273851450924,-13.572818462862731
Network Security Engineer,11.24090335777494,2,Senior-Level,52.48180671554988,-18.12045167888747
Network Security Engineer,7.449852541196984,0,Entry-Level,17.899705082393968,-0.22492627059849202
Network Security Engineer,13.046861438745012,1,Mid-Level,37.09372287749002,-3.023430719372506
Network Security Engineer,8.36315379426641,0,Entry-Level,21.72630758853282,-3.681576897133205
Network Security Engineer,14.145636925725462,1,Mid-Level,44.291273851450924,-13.572818462862731
Network Security Engineer,11.24090335777494,2,Senior-Level,52.48180671554988,-18.12045167888747
PMO,6.0,1,Mid-Level,30.0,-8.5
PMO,12.206804946248203,2,Senior-Level,59.41360989249641,-21.603402473124103
PMO,9.059113264174536,0,Entry-Level,24.118226528349073,-4.029556632087268
PMO,6.0,1,Mid-Level,30.0,-8.5
PMO,12.206804946248203,2,Senior-Level,59.41360989249641,-21.603402473124103
PMO,9.059113264174536,0,Entry-Level,24.118226528349073,-4.029556632087268
PMO,6.0,1,Mid-Level,30.0,-8.5
PMO,12.206804946248203,2,Senior-Level,59.41360989249641,-21.603402473124103
PMO,9.059113264174536,0,Entry-Level,24.118226528349073,-4.029556632087268
PMO,6.0,1,Mid-Level,30.0,-8.5
PMO,12.206804946248203,2,Senior-Level,59.41360989249641,-21.603402473124103
PMO,9.059113264174536,0,Entry-Level,24.118226528349073,-4.029556632087268
PMO,6.0,1,Mid-Level,30.0,-8.5
PMO,12.206804946248203,2,Senior-Level,59.41360989249641,-21.603402473124103
PMO,9.059113264174536,0,Entry-Level,24.118226528349073,-4.029556632087268
PMO,6.0,1,Mid-Level,30.0,-8.5
PMO,12.206804946248203,2,Senior-Level,59.41360989249641,-21.603402473124103
PMO,9.059113264174536,0,Entry-Level,24.118226528349073,-4.029556632087268
PMO,6.0,1,Mid-Level,30.0,-8.5
PMO,12.206804946248203,2,Senior-Level,59.41360989249641,-21.603402473124103
PMO,9.059113264174536,0,Entry-Level,24.118226528349073,-4.029556632087268
PMO,6.0,1,Mid-Level,30.0,-8.5
PMO,12.206804946248203,2,Senior-Level,59.41360989249641,-21.603402473124103
PMO,9.059113264174536,0,Entry-Level,24.118226528349073,-4.029556632087268
PMO,6.0,1,Mid-Level,30.0,-8.5
PMO,12.206804946248203,2,Senior-Level,59.41360989249641,-21.603402473124103
PMO,9.059113264174536,0,Entry-Level,24.118226528349073,-4.029556632087268
PMO,6.0,1,Mid-Level,30.0,-8.5
PMO,12.206804946248203,2,Senior-Level,59.41360989249641,-21.603402473124103
PMO,9.059113264174536,0,Entry-Level,24.118226528349073,-4.029556632087268
Database,11.762496053074816,2,Senior-Level,48.52499210614963,-18.381248026537406
Database,11.498442030330372,1,Mid-Level,42.99688406066075,-13.249221015165187
Database,11.0,1,Mid-Level,38.0,-7.0
Database,13.759139989704508,1,Mid-Level,37.518279979409016,-11.379569994852254
Database,2.0,0,Entry-Level,4.0,0.5
Database,4.0,1,Mid-Level,30.0,-12.5
Database,12.532322430089872,1,Mid-Level,29.064644860179744,-5.766161215044936
Database,13.597949436097368,1,Mid-Level,34.19589887219473,-9.298974718048683
Database,12.49535054231088,1,Mid-Level,42.99070108462176,-14.74767527115544
Database,12.170032496859369,1,Mid-Level,38.34006499371874,-12.585016248429685
Database,13.28494035390922,1,Mid-Level,45.56988070781844,-13.14247017695461
Database,11.762496053074816,2,Senior-Level,48.52499210614963,-18.381248026537406
Database,11.498442030330372,1,Mid-Level,42.99688406066075,-13.249221015165187
Database,11.0,1,Mid-Level,38.0,-7.0
Database,13.759139989704508,1,Mid-Level,37.518279979409016,-11.379569994852254
Database,2.0,0,Entry-Level,4.0,0.5
Database,4.0,1,Mid-Level,30.0,-12.5
Database,12.532322430089872,1,Mid-Level,29.064644860179744,-5.766161215044936
Database,13.597949436097368,1,Mid-Level,34.19589887219473,-9.298974718048683
Database,12.49535054231088,1,Mid-Level,42.99070108462176,-14.74767527115544
Database,12.170032496859369,1,Mid-Level,38.34006499371874,-12.585016248429685
Database,13.28494035390922,1,Mid-Level,45.56988070781844,-13.14247017695461
Database,11.762496053074816,2,Senior-Level,48.52499210614963,-18.381248026537406
Database,11.498442030330372,1,Mid-Level,42.99688406066075,-13.249221015165187
Database,11.0,1,Mid-Level,38.0,-7.0
Database,13.759139989704508,1,Mid-Level,37.518279979409016,-11.379569994852254
Database,2.0,0,Entry-Level,4.0,0.5
Database,4.0,1,Mid-Level,30.0,-12.5
Database,12.532322430089872,1,Mid-Level,29.064644860179744,-5.766161215044936
Database,13.597949436097368,1,Mid-Level,34.19589887219473,-9.298974718048683
Database,12.49535054231088,1,Mid-Level,42.99070108462176,-14.74767527115544
Database,12.170032496859369,1,Mid-Level,38.34006499371874,-12.585016248429685
Database,13.28494035390922,1,Mid-Level,45.56988070781844,-13.14247017695461
Hadoop,10.165058911477404,0,Entry-Level,23.330117822954808,-5.582529455738702
Hadoop,2.2357018984903245,0,Entry-Level,2.471403796980649,3.3821490507548377
Hadoop,13.527044000265768,1,Mid-Level,45.054088000531536,-10.263522000132884
Hadoop,13.9870157455933,1,Mid-Level,42.9740314911866,-13.49350787279665
Hadoop,13.112116072483733,1,Mid-Level,33.224232144967466,-9.056058036241867
Hadoop,14.005086612606569,1,Mid-Level,35.01017322521314,-9.502543306303284
Hadoop,12.08280258214645,1,Mid-Level,32.1656051642929,-8.541401291073225
Hadoop,10.165058911477404,0,Entry-Level,23.330117822954808,-5.582529455738702
Hadoop,2.2357018984903245,0,Entry-Level,2.471403796980649,3.3821490507548377
Hadoop,13.527044000265768,1,Mid-Level,45.054088000531536,-10.263522000132884
Hadoop,13.9870157455933,1,Mid-Level,42.9740314911866,-13.49350787279665
Hadoop,13.112116072483733,1,Mid-Level,33.224232144967466,-9.056058036241867
Hadoop,14.005086612606569,1,Mid-Level,35.01017322521314,-9.502543306303284
Hadoop,12.08280258214645,1,Mid-Level,32.1656051642929,-8.541401291073225
Hadoop,10.165058911477404,0,Entry-Level,23.330117822954808,-5.582529455738702
Hadoop,2.2357018984903245,0,Entry-Level,2.471403796980649,3.3821490507548377
Hadoop,13.527044000265768,1,Mid-Level,45.054088000531536,-10.263522000132884
Hadoop,13.9870157455933,1,Mid-Level,42.9740314911866,-13.49350787279665
Hadoop,13.112116072483733,1,Mid-Level,33.224232144967466,-9.056058036241867
Hadoop,14.005086612606569,1,Mid-Level,35.01017322521314,-9.502543306303284
Hadoop,12.08280258214645,1,Mid-Level,32.1656051642929,-8.541401291073225
Hadoop,10.165058911477404,0,Entry-Level,23.330117822954808,-5.582529455738702
Hadoop,2.2357018984903245,0,Entry-Level,2.471403796980649,3.3821490507548377
Hadoop,13.527044000265768,1,Mid-Level,45.054088000531536,-10.263522000132884
Hadoop,13.9870157455933,1,Mid-Level,42.9740314911866,-13.49350787279665
Hadoop,13.112116072483733,1,Mid-Level,33.224232144967466,-9.056058036241867
Hadoop,14.005086612606569,1,Mid-Level,35.01017322521314,-9.502543306303284
Hadoop,12.08280258214645,1,Mid-Level,32.1656051642929,-8.541401291073225
Hadoop,10.165058911477404,0,Entry-Level,23.330117822954808,-5.582529455738702
Hadoop,2.2357018984903245,0,Entry-Level,2.471403796980649,3.3821490507548377
Hadoop,13.527044000265768,1,Mid-Level,45.054088000531536,-10.263522000132884
Hadoop,13.9870157455933,1,Mid-Level,42.9740314911866,-13.49350787279665
Hadoop,13.112116072483733,1,Mid-Level,33.224232144967466,-9.056058036241867
Hadoop,14.005086612606569,1,Mid-Level,35.01017322521314,-9.502543306303284
Hadoop,12.08280258214645,1,Mid-Level,32.1656051642929,-8.541401291073225
Hadoop,10.165058911477404,0,Entry-Level,23.330117822954808,-5.582529455738702
Hadoop,2.2357018984903245,0,Entry-Level,2.471403796980649,3.3821490507548377
Hadoop,13.527044000265768,1,Mid-Level,45.054088000531536,-10.263522000132884
Hadoop,13.9870157455933,1,Mid-Level,42.9740314911866,-13.49350787279665
Hadoop,13.112116072483733,1,Mid-Level,33.224232144967466,-9.056058036241867
Hadoop,14.005086612606569,1,Mid-Level,35.01017322521314,-9.502543306303284
Hadoop,12.08280258214645,1,Mid-Level,32.1656051642929,-8.541401291073225
ETL Developer,14.09768711624345,1,Mid-Level,31.1953742324869,-7.548843558121725
ETL Developer,14.122013681942036,1,Mid-Level,43.24402736388407,-13.561006840971018
ETL Developer,7.079592968317867,0,Entry-Level,14.159185936635733,-2.0397964841589333
ETL Developer,11.123163539083059,1,Mid-Level,32.24632707816612,-10.06158176954153
ETL Developer,8.32324169386981,0,Entry-Level,19.64648338773962,-4.661620846934905
ETL Developer,14.09768711624345,1,Mid-Level,31.1953742324869,-7.548843558121725
ETL Developer,14.122013681942036,1,Mid-Level,43.24402736388407,-13.561006840971018
ETL Developer,7.079592968317867,0,Entry-Level,14.159185936635733,-2.0397964841589333
ETL Developer,11.123163539083059,1,Mid-Level,32.24632707816612,-10.06158176954153
ETL Developer,8.32324169386981,0,Entry-Level,19.64648338773962,-4.661620846934905
ETL Developer,14.09768711624345,1,Mid-Level,31.1953742324869,-7.548843558121725
ETL Developer,14.122013681942036,1,Mid-Level,43.24402736388407,-13.561006840971018
ETL Developer,7.079592968317867,0,Entry-Level,14.159185936635733,-2.0397964841589333
ETL Developer,11.123163539083059,1,Mid-Level,32.24632707816612,-10.06158176954153
ETL Developer,8.32324169386981,0,Entry-Level,19.64648338773962,-4.661620846934905
ETL Developer,14.09768711624345,1,Mid-Level,31.1953742324869,-7.548843558121725
ETL Developer,14.122013681942036,1,Mid-Level,43.24402736388407,-13.561006840971018
ETL Developer,7.079592968317867,0,Entry-Level,14.159185936635733,-2.0397964841589333
ETL Developer,11.123163539083059,1,Mid-Level,32.24632707816612,-10.06158176954153
ETL Developer,8.32324169386981,0,Entry-Level,19.64648338773962,-4.661620846934905
ETL Developer,14.09768711624345,1,Mid-Level,31.1953742324869,-7.548843558121725
ETL Developer,14.122013681942036,1,Mid-Level,43.24402736388407,-13.561006840971018
ETL Developer,7.079592968317867,0,Entry-Level,14.159185936635733,-2.0397964841589333
ETL Developer,11.123163539083059,1,Mid-Level,32.24632707816612,-10.06158176954153
ETL Developer,8.32324169386981,0,Entry-Level,19.64648338773962,-4.661620846934905
ETL Developer,14.09768711624345,1,Mid-Level,31.1953742324869,-7.548843558121725
ETL Developer,14.122013681942036,1,Mid-Level,43.24402736388407,-13.561006840971018
ETL Developer,7.079592968317867,0,Entry-Level,14.159185936635733,-2.0397964841589333
ETL Developer,11.123163539083059,1,Mid-Level,32.24632707816612,-10.06158176954153
ETL Developer,8.32324169386981,0,Entry-Level,19.64648338773962,-4.661620846934905
ETL Developer,14.09768711624345,1,Mid-Level,31.1953742324869,-7.548843558121725
ETL Developer,14.122013681942036,1,Mid-Level,43.24402736388407,-13.561006840971018
ETL Developer,7.079592968317867,0,Entry-Level,14.159185936635733,-2.0397964841589333
ETL Developer,11.123163539083059,1,Mid-Level,32.24632707816612,-10.06158176954153
ETL Developer,8.32324169386981,0,Entry-Level,19.64648338773962,-4.661620846934905
ETL Developer,14.09768711624345,1,Mid-Level,31.1953742324869,-7.548843558121725
ETL Developer,14.122013681942036,1,Mid-Level,43.24402736388407,-13.561006840971018
ETL Developer,7.079592968317867,0,Entry-Level,14.159185936635733,-2.0397964841589333
ETL Developer,11.123163539083059,1,Mid-Level,32.24632707816612,-10.06158176954153
ETL Developer,8.32324169386981,0,Entry-Level,19.64648338773962,-4.661620846934905
DotNet Developer,4.062636032803876,0,Entry-Level,8.125272065607753,-0.5313180164019382
DotNet Developer,4.565046850970473,0,Entry-Level,9.130093701940947,-0.7825234254852367
DotNet Developer,1.0,0,Entry-Level,8.0,0.0
DotNet Developer,4.4882577577898,0,Entry-Level,8.9765155155796,-0.7441288788948999
DotNet Developer,14.375609058207115,1,Mid-Level,39.75121811641423,-11.687804529103557
DotNet Developer,13.886773894797564,1,Mid-Level,34.77354778959513,-5.443386947398782
DotNet Developer,4.622840778595414,0,Entry-Level,9.245681557190828,-0.811420389297707
DotNet Developer,4.062636032803876,0,Entry-Level,8.125272065607753,-0.5313180164019382
DotNet Developer,4.565046850970473,0,Entry-Level,9.130093701940947,-0.7825234254852367
DotNet Developer,1.0,0,Entry-Level,8.0,0.0
DotNet Developer,4.4882577577898,0,Entry-Level,8.9765155155796,-0.7441288788948999
DotNet Developer,14.375609058207115,1,Mid-Level,39.75121811641423,-11.687804529103557
DotNet Developer,13.886773894797564,1,Mid-Level,34.77354778959513,-5.443386947398782
DotNet Developer,4.622840778595414,0,Entry-Level,9.245681557190828,-0.811420389297707
DotNet Developer,4.062636032803876,0,Entry-Level,8.125272065607753,-0.5313180164019382
DotNet Developer,4.565046850970473,0,Entry-Level,9.130093701940947,-0.7825234254852367
DotNet Developer,1.0,0,Entry-Level,8.0,0.0
DotNet Developer,4.4882577577898,0,Entry-Level,8.9765155155796,-0.7441288788948999
DotNet Developer,14.375609058207115,1,Mid-Level,39.75121811641423,-11.687804529103557
DotNet Developer,13.886773894797564,1,Mid-Level,34.77354778959513,-5.443386947398782
DotNet Developer,4.622840778595414,0,Entry-Level,9.245681557190828,-0.811420389297707
DotNet Developer,4.062636032803876,0,Entry-Level,8.125272065607753,-0.5313180164019382
DotNet Developer,4.565046850970473,0,Entry-Level,9.130093701940947,-0.7825234254852367
DotNet Developer,1.0,0,Entry-Level,8.0,0.0
DotNet Developer,4.4882577577898,0,Entry-Level,8.9765155155796,-0.7441288788948999
DotNet Developer,14.375609058207115,1,Mid-Level,39.75121811641423,-11.687804529103557
DotNet Developer,13.886773894797564,1,Mid-Level,34.77354778959513,-5.443386947398782
DotNet Developer,4.622840778595414,0,Entry-Level,9.245681557190828,-0.811420389297707
Blockchain,14.159447124702996,1,Mid-Level,35.31889424940599,-9.579723562351498
Blockchain,11.289367071062909,1,Mid-Level,33.57873414212582,-10.144683535531454
Blockchain,10.538446404911436,0,Entry-Level,24.076892809822873,-5.769223202455718
Blockchain,8.452361814617099,0,Entry-Level,19.904723629234198,-4.7261809073085495
Blockchain,13.161808457381348,1,Mid-Level,33.323616914762695,-5.080904228690674
Blockchain,14.159447124702996,1,Mid-Level,35.31889424940599,-9.579723562351498
Blockchain,11.289367071062909,1,Mid-Level,33.57873414212582,-10.144683535531454
Blockchain,10.538446404911436,0,Entry-Level,24.076892809822873,-5.769223202455718
Blockchain,8.452361814617099,0,Entry-Level,19.904723629234198,-4.7261809073085495
Blockchain,13.161808457381348,1,Mid-Level,33.323616914762695,-5.080904228690674
Blockchain,14.159447124702996,1,Mid-Level,35.31889424940599,-9.579723562351498
Blockchain,11.289367071062909,1,Mid-Level,33.57873414212582,-10.144683535531454
Blockchain,10.538446404911436,0,Entry-Level,24.076892809822873,-5.769223202455718
Blockchain,8.452361814617099,0,Entry-Level,19.904723629234198,-4.7261809073085495
Blockchain,13.161808457381348,1,Mid-Level,33.323616914762695,-5.080904228690674
Blockchain,14.159447124702996,1,Mid-Level,35.31889424940599,-9.579723562351498
Blockchain,11.289367071062909,1,Mid-Level,33.57873414212582,-10.144683535531454
Blockchain,10.538446404911436,0,Entry-Level,24.076892809822873,-5.769223202455718
Blockchain,8.452361814617099,0,Entry-Level,19.904723629234198,-4.7261809073085495
Blockchain,13.161808457381348,1,Mid-Level,33.323616914762695,-5.080904228690674
Blockchain,14.159447124702996,1,Mid-Level,35.31889424940599,-9.579723562351498
Blockchain,11.289367071062909,1,Mid-Level,33.57873414212582,-10.144683535531454
Blockchain,10.538446404911436,0,Entry-Level,24.076892809822873,-5.769223202455718
Blockchain,8.452361814617099,0,Entry-Level,19.904723629234198,-4.7261809073085495
Blockchain,13.161808457381348,1,Mid-Level,33.323616914762695,-5.080904228690674
Blockchain,14.159447124702996,1,Mid-Level,35.31889424940599,-9.579723562351498
Blockchain,11.289367071062909,1,Mid-Level,33.57873414212582,-10.144683535531454
Blockchain,10.538446404911436,0,Entry-Level,24.076892809822873,-5.769223202455718
Blockchain,8.452361814617099,0,Entry-Level,19.904723629234198,-4.7261809073085495
Blockchain,13.161808457381348,1,Mid-Level,33.323616914762695,-5.080904228690674
Blockchain,14.159447124702996,1,Mid-Level,35.31889424940599,-9.579723562351498
Blockchain,11.289367071062909,1,Mid-Level,33.57873414212582,-10.144683535531454
Blockchain,10.538446404911436,0,Entry-Level,24.076892809822873,-5.769223202455718
Blockchain,8.452361814617099,0,Entry-Level,19.904723629234198,-4.7261809073085495
Blockchain,13.161808457381348,1,Mid-Level,33.323616914762695,-5.080904228690674
Blockchain,14.159447124702996,1,Mid-Level,35.31889424940599,-9.579723562351498
Blockchain,11.289367071062909,1,Mid-Level,33.57873414212582,-10.144683535531454
Blockchain,10.538446404911436,0,Entry-Level,24.076892809822873,-5.769223202455718
Blockchain,8.452361814617099,0,Entry-Level,19.904723629234198,-4.7261809073085495
Blockchain,13.161808457381348,1,Mid-Level,33.323616914762695,-5.080904228690674
Testing,5.025479757629957,0,Entry-Level,14.050959515259914,-3.0127398788149784
Testing,13.494670526528505,1,Mid-Level,33.98934105305701,-9.247335263264253
Testing,7.8966240203637525,0,Entry-Level,16.793248040727505,-1.4483120101818763
Testing,12.650735576646255,1,Mid-Level,32.30147115329251,-8.825367788323128
Testing,14.32311113234206,1,Mid-Level,42.64622226468412,-10.66155556617103
Testing,5.529290430968006,0,Entry-Level,14.058580861936012,-3.264645215484003
Testing,5.039521910175544,0,Entry-Level,12.079043820351089,-0.019760955087772203
Testing,5.025479757629957,0,Entry-Level,14.050959515259914,-3.0127398788149784
Testing,13.494670526528505,1,Mid-Level,33.98934105305701,-9.247335263264253
Testing,7.8966240203637525,0,Entry-Level,16.793248040727505,-1.4483120101818763
Testing,12.650735576646255,1,Mid-Level,32.30147115329251,-8.825367788323128
Testing,14.32311113234206,1,Mid-Level,42.64622226468412,-10.66155556617103
Testing,5.529290430968006,0,Entry-Level,14.058580861936012,-3.264645215484003
Testing,5.039521910175544,0,Entry-Level,12.079043820351089,-0.019760955087772203
Testing,5.025479757629957,0,Entry-Level,14.050959515259914,-3.0127398788149784
Testing,13.494670526528505,1,Mid-Level,33.98934105305701,-9.247335263264253
Testing,7.8966240203637525,0,Entry-Level,16.793248040727505,-1.4483120101818763
Testing,12.650735576646255,1,Mid-Level,32.30147115329251,-8.825367788323128
Testing,14.32311113234206,1,Mid-Level,42.64622226468412,-10.66155556617103
Testing,5.529290430968006,0,Entry-Level,14.058580861936012,-3.264645215484003
Testing,5.039521910175544,0,Entry-Level,12.079043820351089,-0.019760955087772203
Testing,5.025479757629957,0,Entry-Level,14.050959515259914,-3.0127398788149784
Testing,13.494670526528505,1,Mid-Level,33.98934105305701,-9.247335263264253
Testing,7.8966240203637525,0,Entry-Level,16.793248040727505,-1.4483120101818763
Testing,12.650735576646255,1,Mid-Level,32.30147115329251,-8.825367788323128
Testing,14.32311113234206,1,Mid-Level,42.64622226468412,-10.66155556617103
Testing,5.529290430968006,0,Entry-Level,14.058580861936012,-3.264645215484003
Testing,5.039521910175544,0,Entry-Level,12.079043820351089,-0.019760955087772203
Testing,5.025479757629957,0,Entry-Level,14.050959515259914,-3.0127398788149784
Testing,13.494670526528505,1,Mid-Level,33.98934105305701,-9.247335263264253
Testing,7.8966240203637525,0,Entry-Level,16.793248040727505,-1.4483120101818763
Testing,12.650735576646255,1,Mid-Level,32.30147115329251,-8.825367788323128
Testing,14.32311113234206,1,Mid-Level,42.64622226468412,-10.66155556617103
Testing,5.529290430968006,0,Entry-Level,14.058580861936012,-3.264645215484003
Testing,5.039521910175544,0,Entry-Level,12.079043820351089,-0.019760955087772203
Testing,5.025479757629957,0,Entry-Level,14.050959515259914,-3.0127398788149784
Testing,13.494670526528505,1,Mid-Level,33.98934105305701,-9.247335263264253
Testing,7.8966240203637525,0,Entry-Level,16.793248040727505,-1.4483120101818763
Testing,12.650735576646255,1,Mid-Level,32.30147115329251,-8.825367788323128
Testing,14.32311113234206,1,Mid-Level,42.64622226468412,-10.66155556617103
Testing,5.529290430968006,0,Entry-Level,14.058580861936012,-3.264645215484003
Testing,5.039521910175544,0,Entry-Level,12.079043820351089,-0.019760955087772203
Testing,5.025479757629957,0,Entry-Level,14.050959515259914,-3.0127398788149784
Testing,13.494670526528505,1,Mid-Level,33.98934105305701,-9.247335263264253
Testing,7.8966240203637525,0,Entry-Level,16.793248040727505,-1.4483120101818763
Testing,12.650735576646255,1,Mid-Level,32.30147115329251,-8.825367788323128
Testing,14.32311113234206,1,Mid-Level,42.64622226468412,-10.66155556617103
Testing,5.529290430968006,0,Entry-Level,14.058580861936012,-3.264645215484003
Testing,5.039521910175544,0,Entry-Level,12.079043820351089,-0.019760955087772203
Testing,5.025479757629957,0,Entry-Level,14.050959515259914,-3.0127398788149784
Testing,13.494670526528505,1,Mid-Level,33.98934105305701,-9.247335263264253
Testing,7.8966240203637525,0,Entry-Level,16.793248040727505,-1.4483120101818763
Testing,12.650735576646255,1,Mid-Level,32.30147115329251,-8.825367788323128
Testing,14.32311113234206,1,Mid-Level,42.64622226468412,-10.66155556617103
Testing,5.529290430968006,0,Entry-Level,14.058580861936012,-3.264645215484003
Testing,5.039521910175544,0,Entry-Level,12.079043820351089,-0.019760955087772203
Testing,5.025479757629957,0,Entry-Level,14.050959515259914,-3.0127398788149784
Testing,13.494670526528505,1,Mid-Level,33.98934105305701,-9.247335263264253
Testing,7.8966240203637525,0,Entry-Level,16.793248040727505,-1.4483120101818763
Testing,12.650735576646255,1,Mid-Level,32.30147115329251,-8.825367788323128
Testing,14.32311113234206,1,Mid-Level,42.64622226468412,-10.66155556617103
Testing,5.529290430968006,0,Entry-Level,14.058580861936012,-3.264645215484003
Testing,5.039521910175544,0,Entry-Level,12.079043820351089,-0.019760955087772203
Testing,5.025479757629957,0,Entry-Level,14.050959515259914,-3.0127398788149784
Testing,13.494670526528505,1,Mid-Level,33.98934105305701,-9.247335263264253
Testing,7.8966240203637525,0,Entry-Level,16.793248040727505,-1.4483120101818763
Testing,12.650735576646255,1,Mid-Level,32.30147115329251,-8.825367788323128
Testing,14.32311113234206,1,Mid-Level,42.64622226468412,-10.66155556617103
Testing,5.529290430968006,0,Entry-Level,14.058580861936012,-3.264645215484003
Testing,5.039521910175544,0,Entry-Level,12.079043820351089,-0.019760955087772203
